bogand,Dorian,Bogan,0,0,0,0,
browna,Alex,Brown,0,0,0,0,
buckrm,Myrtie,Buckridge,0,0,0,0,
cassin,Nia,Cassin,0,0,0,0,
champj,Justine,Champlin,0,0,0,0,
cruica,Allene,Cruickshank,0,0,0,0,
goyett,Triston,Goyette,0,0,0,0,
greenl,Laura,Greenfelder,0,0,0,0,
hansep,Parker,Hansen,0,0,0,0,
joness,Sally,Jones,0,0,0,0,
kohles,Skyla,Kohler,0,0,0,0,
kubw,Wilfredo,Kub,0,0,0,0,
kuhnm,Maybelle,Kuhn,0,0,0,0,
kunzec,Chyna,Kunze,0,0,0,0,
lakinl,Larry,Lakin,0,0,0,0,
linds,Salvador,Lind,0,0,0,0,
maggia,Antonietta,Maggio,0,0,0,0,
milleb,Bernadette,Miller,0,0,0,0,
nicoll,Lydia,Nicolas,0,0,0,0,
rauk,Karlie,Rau,0,0,0,0,
rowev,Vanessa,Rowe,0,0,0,0,
schmeh,Hayley,Schmeler,0,0,0,0,
schmig,Gerard,Schmitt,0,0,0,0,
smithj,John,Smith,0,0,0,0,
student,Joe,Student,0,0,0,0,
townez,Zula,Towne,0,0,0,0,
trembd,Darrick,Tremblay,0,0,0,0,
westk,Kayleigh,West,0,0,0,0,
wunscj,Jovany,Wunsch,0,0,0,0,