grader,student
abernl,conroe
abernl,heided,
adamsg,russem
adamsg,schaeb,
aphacker,adamsg
aphacker,student,
bahric,heathc
bahric,heided,
baliss,efferm
baliss,prosaj,
barteh,cummin
barteh,goldnj,
beahaf,boyera
beahaf,ritcha,
bergea,champd
bergea,hintzs,
binsl,goldnj
binsl,runols,
bitdiddle,aphacker
bitdiddle,rodrij,
blande,boehmd
blande,gorczj,
boehmd,bitdiddle
boehmd,lyncht,
boyera,joness
boyera,kilbah,
browna,fadelo
browna,rennea,
buckrb,hilpef
buckrb,kuphaa,
buckrz,cummin
buckrz,sengec,
champd,boyera
champd,dares,
conneb,kuhnk
conneb,millsm,
connek,buckrz
connek,emmere,
connk,farred
connk,huelsw,
conrob,huele
conrob,kinge,
conroe,kuhicj
conroe,smithj,
goldnj,klockn,
kuhnk,connk
kuhnk,gradyg,
kuphaa,abernl
kuphaa,kinge,
moscie,ritcha
moscie,welchj,
muelll,gaylol
muelll,swiftw,
nitzsf,hirthn
nitzsf,moscie,
nolang,barteh
nolang,binsl,
oconnd,aphacker
oconnd,heathc,
parisf,fayc
parisf,kuhnk,
pfeffr,blande
pfeffr,runoli,
prosaj,howej
prosaj,nitzsf,
rennea,fishea
rennea,mccule,
ritcha,gutmal
ritcha,kilbah,
robera,connek
robera,schads,
rodrij,adamsg
rodrij,morisf,
rogahb,parisf
rogahb,wisoza,
runoli,gorczj
runoli,hermin,
sengej,baliss
sengej,schads,
smithj,beahaf
smithj,moscie,
stiedr,baliss
stiedr,huele,
student,aphacker
student,lefflv,
swiftw,schupb
swiftw,yundtk,
